path,criticality,total_lines,ai_lines,automation_lines
docs/ip/FILE_PROVENANCE.json,STANDARD,111158,111158,0
docs/ip/AI_PROVENANCE.csv,STANDARD,6879,6879,0
docs/ip/FILE_PROVENANCE.csv,STANDARD,6176,6176,0
apps/api/openapi.yaml,STANDARD,3669,3669,0
scripts/sql/pc-crop-accounting-rls-checks.sql,STANDARD,3168,3168,0
docs/TZ-GRAINFLOW-V3-FINAL.md,STANDARD,1673,1673,0
apps/api/src/modules/accounting/accounting.controller.ts,CROWN_JEWEL,840,840,0
docs/ops/pc-crop-federal-accounting/execution-state.json,STANDARD,745,745,0
apps/web/lib/platform-v7/tai-conversation-state.ts,STANDARD,735,735,0
apps/api/src/modules/accounting/deal-service.postgresql.spec.ts,CROWN_JEWEL,709,709,0
docs/ip/AI_ONLY_FILES.csv,STANDARD,683,683,0
apps/api/prisma/migrations/20260806103000_bounded_staff_admission_authority/migration.sql,STANDARD,620,620,0
docs/ip/registry-license-evidence.json,STANDARD,586,586,0
apps/api/prisma/migrations/20260806090000_identity_row_level_security/migration.sql,STANDARD,556,556,0
apps/api/src/modules/accounting/deal-service.repository.ts,CROWN_JEWEL,518,518,0
apps/api/prisma/migrations/20260817170000_pc_crop_accounting_deal_services/migration.sql,STANDARD,517,517,0
apps/api/prisma/migrations/20260817200000_pc_crop_accounting_payments/migration.sql,STANDARD,498,498,0
apps/api/src/modules/auth/accounting-authority-command.policy.spec.ts,CROWN_JEWEL,497,497,0
apps/api/src/modules/accounting/work-task.repository.ts,CROWN_JEWEL,496,496,0
apps/api/src/modules/accounting/payment.postgresql.spec.ts,CROWN_JEWEL,490,490,0
apps/api/prisma/migrations/20260817120000_pc_crop_accounting_advances/migration.sql,STANDARD,478,478,0
apps/api/src/modules/accounting/work-task.policy.spec.ts,CROWN_JEWEL,477,477,0
apps/api/src/modules/accounting/work-task.postgresql.spec.ts,CROWN_JEWEL,476,476,0
apps/api/src/modules/auth/signing-authority.policy.spec.ts,CROWN_JEWEL,471,471,0
apps/api/prisma/migrations/20260818090000_pc_crop_connection_attestation_subjects/migration.sql,STANDARD,463,463,0
apps/api/src/modules/accounting/work-task.policy.ts,CROWN_JEWEL,444,444,0
apps/api/src/modules/accounting/deal-service.policy.spec.ts,CROWN_JEWEL,442,442,0
apps/api/src/modules/accounting/advance.postgresql.spec.ts,CROWN_JEWEL,440,440,0
apps/api/src/modules/accounting/accounting-period.repository.ts,CROWN_JEWEL,438,438,0
apps/api/src/modules/accounting/payment.repository.ts,CROWN_JEWEL,433,433,0
apps/web/lib/gekta/product-copy.ts,CROWN_JEWEL,409,409,0
apps/api/prisma/migrations/20260816000000_pc_crop_accounting_documents/migration.sql,STANDARD,408,408,0
apps/api/src/modules/accounting/reconciliation.repository.ts,CROWN_JEWEL,395,395,0
packages/domain-core/src/commercial-expansion.ts,CROWN_JEWEL,387,387,0
apps/api/src/modules/accounting/deal-service.policy.ts,CROWN_JEWEL,385,385,0
apps/web/messages/en.json,STANDARD,384,384,0
apps/web/messages/ru.json,STANDARD,384,384,0
apps/web/messages/zh.json,STANDARD,384,384,0
apps/api/src/modules/auth/membership-capability.resolver.spec.ts,CROWN_JEWEL,377,377,0
apps/api/src/modules/accounting/accounting-period.postgresql.spec.ts,CROWN_JEWEL,364,364,0
apps/api/src/modules/auth/accounting-authority-command.policy.ts,CROWN_JEWEL,355,355,0
apps/api/src/modules/accounting/reconciliation.postgresql.spec.ts,CROWN_JEWEL,348,348,0
apps/api/src/modules/accounting/deal-service.repository.postgresql.spec.ts,CROWN_JEWEL,347,347,0
apps/api/src/modules/accounting/advance.repository.ts,CROWN_JEWEL,342,342,0
apps/api/prisma/migrations/20260816190000_pc_crop_accounting_work_tasks/migration.sql,STANDARD,341,341,0
apps/api/src/modules/auth/organization-tax-profile.policy.ts,CROWN_JEWEL,341,341,0
apps/api/src/modules/auth/organization-tax-profile.policy.spec.ts,CROWN_JEWEL,339,339,0
apps/api/src/modules/auth/membership-capability.resolver.ts,CROWN_JEWEL,336,336,0
config/catalog/service-providers.catalog.json,STANDARD,336,336,0
apps/api/src/modules/auth/contract-version.policy.spec.ts,CROWN_JEWEL,331,331,0
apps/web/mocks/fixtures/deals.json,STANDARD,331,331,0
scripts/sql/identity-rls-staff-checks.sql,STANDARD,330,330,0
apps/api/src/modules/accounting/connection-center.postgresql.spec.ts,CROWN_JEWEL,320,320,0
apps/api/src/modules/regulatory-integration/fgis-grain/fgis-grain-legacy-quarantine.audit.spec.ts,STANDARD,318,318,0
apps/web/lib/deal-desk-server.ts,STANDARD,317,317,0
scripts/codeql-replacement-guard.mjs,STANDARD,315,315,0
apps/api/src/modules/auth/accounting-document-payload.builder.spec.ts,CROWN_JEWEL,314,314,0
apps/api/prisma/migrations/20260817220000_pc_crop_accounting_reconciliation/migration.sql,STANDARD,313,313,0
apps/api/src/modules/accounting/accounting-source-snapshot.repository.ts,CROWN_JEWEL,307,307,0
apps/web/app/platform-v7r/deals/[id]/page.tsx,STANDARD,304,304,0
apps/web/components/v9/deal/BatchPassport.tsx,STANDARD,300,300,0
apps/web/tests/unit/taiConversationState.test.ts,STANDARD,297,297,0
apps/web/tests/unit/gektaMonetizationArchitecture.test.ts,STANDARD,293,293,0
apps/api/src/modules/auth/accounting-document-staleness.policy.spec.ts,CROWN_JEWEL,291,291,0
codeql/insufficient-password-hash-corrected/expectations.json,STANDARD,290,290,0
apps/api/prisma/migrations/20260806120000_identity_bootstrap_login_context/migration.sql,STANDARD,285,285,0
docs/ops/pc-crop-federal-accounting/evidence-index.md,STANDARD,284,284,0
apps/api/src/modules/auth/accounting-document-staleness.policy.ts,CROWN_JEWEL,283,283,0
apps/web/lib/commercial-workspace-store.ts,STANDARD,279,279,0
apps/api/src/modules/accounting/work-task.repository.postgresql.spec.ts,CROWN_JEWEL,278,278,0
apps/api/src/modules/accounting/document-transmission.postgresql.spec.ts,CROWN_JEWEL,273,273,0
apps/api/prisma/migrations/20260816200000_pc_crop_accounting_periods/migration.sql,STANDARD,272,272,0
apps/api/src/modules/accounting/connection-attestation.repository.ts,CROWN_JEWEL,270,270,0
apps/api/src/modules/accounting/document-transmission.repository.ts,CROWN_JEWEL,268,268,0
apps/api/src/modules/auth/signing-authority.policy.ts,CROWN_JEWEL,268,268,0
apps/web/app/platform-v7/accounting/AccountingTaskBoardClient.tsx,STANDARD,266,266,0
apps/api/src/modules/auth/accounting-document-numbering.policy.ts,CROWN_JEWEL,263,263,0
apps/web/tests/unit/platformV7TranslationRuntime.test.ts,STANDARD,261,261,0
apps/api/tests/load/k6-load-test.js,STANDARD,259,259,0
apps/api/src/modules/auth/contract-version.policy.ts,CROWN_JEWEL,258,258,0
apps/api/src/modules/accounting/accounting-period.policy.ts,CROWN_JEWEL,255,255,0
apps/api/src/modules/auth/accounting-document-payload.builder.ts,CROWN_JEWEL,255,255,0
apps/api/src/modules/accounting/payment.policy.ts,CROWN_JEWEL,251,251,0
apps/api/src/modules/auth/regulatory-rule-registry.policy.spec.ts,CROWN_JEWEL,251,251,0
apps/api/prisma/migrations/20260816040000_pc_crop_contract_versions/migration.sql,STANDARD,250,250,0
docs/platform-v7/autopilot/scopes/pc-crop-federal-accounting.json,STANDARD,250,250,0
apps/api/prisma/migrations/20260627000000_v3_grainflow_production/migration.sql,STANDARD,249,249,0
apps/api/src/modules/accounting/connection-attestation.postgresql.spec.ts,CROWN_JEWEL,249,249,0
apps/api/src/modules/auth/accounting-document-numbering.policy.spec.ts,CROWN_JEWEL,248,248,0
apps/web/tests/unit/taiPublicAssessmentContract.test.ts,STANDARD,248,248,0
apps/api/src/shared/runtime-auction-origin.ts,STANDARD,245,245,0
apps/api/src/modules/accounting/work-task-projection.policy.ts,CROWN_JEWEL,244,244,0
apps/api/src/modules/auth/accounting-document-issuing.postgresql.spec.ts,CROWN_JEWEL,244,244,0
apps/api/src/modules/auth/authCredentialBoundary.spec.ts,CROWN_JEWEL,240,240,0
apps/web/components/v9/bank/ReleaseDialog.tsx,STANDARD,237,237,0
apps/web/components/v9/deal/DealReadinessMatrix.tsx,STANDARD,237,237,0
scripts/check-pc-release-authority-boundary.mjs,STANDARD,236,236,0
.github/container-images/ci-postgres-inventory.v1.json,STANDARD,235,235,0
apps/api/src/modules/accounting/accounting-source-snapshot.postgresql.spec.ts,CROWN_JEWEL,235,235,0
apps/web/lib/runtime-client.ts,STANDARD,231,231,0
docs/ops/ci-container-supply-chain.md,STANDARD,231,231,0
apps/api/src/modules/accounting/work-task-projection.policy.spec.ts,CROWN_JEWEL,230,230,0
apps/api/prisma/migrations/20260816030000_pc_crop_organization_tax_profile/migration.sql,STANDARD,224,224,0
apps/api/src/modules/railway/railway.service.ts,STANDARD,223,223,0
apps/api/src/modules/accounting/accounting-period.policy.spec.ts,CROWN_JEWEL,221,221,0
scripts/ip/build-rospatent-package.mjs,STANDARD,221,221,0
docs/ops/pc-crop-federal-accounting/gap-matrix.md,STANDARD,220,220,0
apps/api/src/modules/accounting/document-transmission.policy.ts,CROWN_JEWEL,218,218,0
scripts/check-ci-postgres-image-authority.mjs,STANDARD,218,218,0
apps/api/src/modules/ledger/ledger.service.ts,CROWN_JEWEL,217,217,0
apps/api/src/modules/accounting/accounting-period.repository.postgresql.spec.ts,CROWN_JEWEL,216,216,0
apps/web/components/v9/timeline/PhaseTimeline.tsx,STANDARD,215,215,0
.github/scripts/tai-gateway-ui-readonly-remediation.py,STANDARD,210,210,0
apps/api/src/modules/auth/regulatory-rule-registry.policy.ts,CROWN_JEWEL,207,207,0
apps/web/lib/workflow-policies.ts,STANDARD,207,207,0
scripts/ip/build-ai-provenance.mjs,STANDARD,207,207,0
types/repo-verify-shims.d.ts,STANDARD,207,207,0
scripts/security/scan-secret-history.mjs,STANDARD,205,205,0
apps/tai/tests/test_qwen_preview_conversion_authority_digests.py,STANDARD,204,204,0
packages/domain-core/src/source-of-truth.ts,CROWN_JEWEL,204,204,0
apps/web/mocks/handlers.ts,STANDARD,203,203,0
scripts/audit-role-contract-consistency.mjs,STANDARD,203,203,0
codeql/insufficient-password-hash-corrected/OpaqueCredentialBarrier.qll,STANDARD,202,202,0
apps/api/src/modules/auth/document-format.policy.spec.ts,CROWN_JEWEL,201,201,0
apps/api/prisma/migrations/20260815190000_pc_crop_job_profile_capabilities/migration.sql,STANDARD,200,200,0
apps/api/src/modules/accounting/document-transmission.policy.spec.ts,CROWN_JEWEL,199,199,0
codeql/insufficient-password-hash-corrected/tests/positive/PositivePasswordFlows.expected,STANDARD,199,199,0
.github/workflows/pc-crop-accounting-acceptance.yml,STANDARD,198,198,0
apps/api/src/modules/auth/accounting-document-issuing.repository.ts,CROWN_JEWEL,195,195,0
packages/domain-core/src/problem-closure-matrix.ts,CROWN_JEWEL,195,195,0
apps/api/prisma/migrations/20260815200000_pc_crop_signing_authority/migration.sql,STANDARD,194,194,0
apps/api/src/modules/ai-insights/ai-assistant-admission.manifest.spec.ts,STANDARD,194,194,0
apps/web/components/v9/layout/CommandPalette.tsx,STANDARD,194,194,0
apps/api/prisma/migrations/20260816010000_pc_crop_accounting_number_counter/migration.sql,STANDARD,193,193,0
docs/ops/pc-crop-federal-accounting/continuation-handoff.md,STANDARD,192,192,0
packages/domain-core/src/document-requirements.ts,CROWN_JEWEL,191,191,0
apps/api/src/modules/accounting/advance.policy.spec.ts,CROWN_JEWEL,190,190,0
apps/api/src/modules/lots/lots.service.spec.ts,STANDARD,190,190,0
apps/web/lib/gekta/billing.ts,CROWN_JEWEL,188,188,0
apps/web/lib/gekta/merchant.ts,CROWN_JEWEL,188,188,0
apps/web/lib/offline.ts,STANDARD,188,188,0
docs/ip/PLATON_IP_ASSIGNMENT.md,STANDARD,188,188,0
apps/web/components/gekta/GektaVoiceInput.tsx,PROTECTED_PRODUCT_UI,186,186,0
docs/gekta/legal-source-audit-20260812.md,STANDARD,186,186,0
docs/platform-v7/crop-platform/p0.2-1a-legacy-fgis-quarantine.md,STANDARD,184,184,0
apps/api/scripts/seed-design-system-v8-identities.mjs,STANDARD,183,183,0
apps/api/src/modules/ai-insights/ai-assistant-admission.manifest.ts,STANDARD,183,183,0
apps/api/src/modules/accounting/reconciliation.policy.ts,CROWN_JEWEL,181,181,0
apps/api/src/modules/auth/document-format.policy.ts,CROWN_JEWEL,181,181,0
scripts/ip/verify-qwen-immutability.mjs,STANDARD,181,181,0
infra/clickhouse/schema.sql,STANDARD,180,180,0
apps/api/prisma/migrations/20260816210000_pc_crop_work_task_period_link/migration.sql,STANDARD,179,179,0
infra/nginx/nginx.conf,STANDARD,179,179,0
docs/ip/AI_ASSISTED_PROVENANCE.md,STANDARD,177,177,0
scripts/ip/sbom-coverage-model.mjs,STANDARD,177,177,0
docs/ip/OWNERSHIP_CLAIMS_POSITION.md,STANDARD,176,176,0
.github/workflows/ci-postgres-image-mirror.yml,STANDARD,175,175,0
infra/k6/production-load.js,STANDARD,173,173,0
apps/api/prisma/migrations/20260802150000_fgis_legacy_quarantine_audit/migration.sql,STANDARD,172,172,0
apps/api/prisma/migrations/20260815210000_pc_crop_accounting_read_authority/migration.sql,STANDARD,172,172,0
apps/web/lib/commercial-workspace-repository.ts,STANDARD,172,172,0
scripts/check-ci-postgres-image-authority.test.mjs,STANDARD,172,172,0
scripts/ip/similarity-adjudication.test.mjs,STANDARD,172,172,0
apps/api/src/modules/accounting/accounting-document-version.repository.ts,CROWN_JEWEL,170,170,0
apps/api/src/modules/export-trade/export-trade.service.ts,STANDARD,170,170,0
apps/api/src/modules/regulatory-integration/fgis-grain/fgis-grain-quarantine-audit-principal.spec.ts,STANDARD,170,170,0
apps/api/src/modules/accounting/connection-center.policy.ts,CROWN_JEWEL,169,169,0
apps/api/prisma/migrations/20260815230000_pc_crop_accounting_write_authority/migration.sql,STANDARD,168,168,0
apps/web/tests/e2e/deal-cycle-e2e-simulation.spec.ts,STANDARD,168,168,0
docs/ip/CHAIN_OF_TITLE_REGISTER.md,STANDARD,168,168,0
packages/integration-sdk/src/adapters/smev.adapter.ts,CROWN_JEWEL,167,167,0
scripts/ip/deminimis-adjudication.mjs,STANDARD,167,167,0
apps/api/src/modules/accounting/advance.policy.ts,CROWN_JEWEL,164,164,0
apps/api/src/modules/auth/opaqueTokenAuthority.spec.ts,CROWN_JEWEL,164,164,0
apps/web/lib/commercial-expansion-server.ts,STANDARD,164,164,0
packages/domain-core/src/document-correction-workflow.ts,CROWN_JEWEL,164,164,0
packages/domain-core/src/provider-compliance-gates.ts,CROWN_JEWEL,164,164,0
scripts/ip/verify-qwen-immutability.test.mjs,STANDARD,164,164,0
apps/web/tests/unit/taiRollbackVerificationContract.test.ts,STANDARD,163,163,0
apps/api/prisma/migrations/20260816020000_pc_crop_regulatory_rule_registry/migration.sql,STANDARD,162,162,0
apps/web/app/platform-v7/accounting/accounting.module.css,STANDARD,161,161,0
apps/web/components/role-home-strip.tsx,STANDARD,161,161,0
apps/web/lib/commercial-route-guards.ts,STANDARD,161,161,0
docs/ops/pc-crop-federal-accounting/governance-blocker.md,STANDARD,161,161,0
apps/api/src/modules/accounting/work-task.deriver.ts,CROWN_JEWEL,160,160,0
apps/api/test/e2e-deal-cycle.spec.ts,STANDARD,160,160,0
scripts/tai-public-assessment-contract.mjs,STANDARD,159,159,0
packages/integration-sdk/src/adapters/marine.adapter.ts,CROWN_JEWEL,158,158,0
scripts/ip/contributor-rights.test.mjs,STANDARD,158,158,0
docs/ops/pc-crop-federal-accounting/risk-register.md,STANDARD,156,156,0
apps/web/lib/gekta/phone.ts,CROWN_JEWEL,155,155,0
packages/integration-sdk/src/adapters/takskom.adapter.ts,CROWN_JEWEL,155,155,0
apps/api/src/modules/certificate-monitor/certificate-monitor.service.ts,STANDARD,154,154,0
apps/api/src/modules/regulatory-integration/fgis-grain/fgis-grain-legacy-quarantine.ts,STANDARD,153,153,0
codeql/insufficient-password-hash-corrected/tests/positive/passwordFlows.js,STANDARD,152,152,0
apps/web/app/api/platform-v7/accounting/[[...path]]/route.ts,STANDARD,151,151,0
apps/api/src/modules/accounting/connection-center.repository.ts,CROWN_JEWEL,150,150,0
apps/web/lib/lot-disclosure.ts,STANDARD,150,150,0
apps/api/prisma/migrations/20260816220000_pc_crop_document_transmission_receipt/migration.sql,STANDARD,148,148,0
apps/api/src/modules/accounting/document-transport.contract.spec.ts,CROWN_JEWEL,148,148,0
apps/api/src/modules/saga/fgis-step.service.ts,STANDARD,148,148,0
apps/web/components/journey-focus-panel.tsx,STANDARD,148,148,0
apps/web/lib/surface-registry.ts,STANDARD,148,148,0
apps/web/lib/v9/roles.ts,STANDARD,145,145,0
apps/web/tests/unit/platformV7AccountingBffBoundary.test.ts,STANDARD,143,143,0
infra/nginx/modsecurity-grainflow.conf,STANDARD,142,142,0
infra/prometheus/runtime-alert-rules.yml,STANDARD,142,142,0
apps/api/src/modules/accounting/document-transport.contract.ts,CROWN_JEWEL,141,141,0
apps/web/components/v9/layout/RoleSwitcher.tsx,STANDARD,141,141,0
scripts/ip/deminimis-adjudication.test.mjs,STANDARD,140,140,0
apps/tai/tests/test_qwen_preview_control_package_checksum.py,STANDARD,139,139,0
apps/api/src/shared/runtime-command-processor.ts,STANDARD,135,135,0
docs/ip/PLATON_ASSIGNMENT_SCHEDULE.csv,STANDARD,133,133,0
apps/api/src/modules/regulatory-integration/fgis-grain/fgis-grain-quarantine-audit-principal.grants.spec.ts,STANDARD,132,132,0
apps/web/app/platform-v7/deals/[id]/accounting/DealAccountingClient.tsx,STANDARD,131,131,0
apps/web/components/market-center-workspace.tsx,STANDARD,131,131,0
apps/web/lib/golden-paths.ts,STANDARD,131,131,0
packages/domain-core/src/integration-hardening.ts,CROWN_JEWEL,131,131,0
apps/api/src/common/config/env.validation.ts,STANDARD,130,130,0
apps/api/src/modules/auth/organization-job-profile.spec.ts,CROWN_JEWEL,130,130,0
apps/web/lib/federal-counterparty-directory.ts,STANDARD,130,130,0
apps/web/tests/unit/platformV7AccountingBoard.test.tsx,STANDARD,130,130,0
scripts/audit-critical-flows.mjs,STANDARD,129,129,0
apps/web/lib/runtime-process.ts,STANDARD,127,127,0
shared/role-contract.test.ts,STANDARD,126,126,0
apps/web/app/assistant/page.tsx,STANDARD,126,125,1
codeql/insufficient-password-hash-corrected/tests/negative/opaqueCredentials.js,STANDARD,125,125,0
infra/grafana/dashboards/grainflow-business.json,STANDARD,123,123,0
scripts/ip/fetch-registry-license-evidence.mjs,STANDARD,123,123,0
apps/api/src/modules/saga/fgis-step.service.spec.ts,STANDARD,122,122,0
apps/web/tests/unit/gektaProductExperience.test.ts,STANDARD,122,122,0
apps/api/src/modules/accounting/accounting.module.spec.ts,CROWN_JEWEL,121,121,0
apps/web/tests/e2e/investor-demo.spec.ts,STANDARD,121,121,0
packages/integration-sdk/src/quarantine/fgis-zerno-legacy.ts,CROWN_JEWEL,121,121,0
apps/web/components/company-directory-workspace.tsx,STANDARD,120,120,0
packages/integration-sdk/src/adapters/rzd-etran.adapter.ts,CROWN_JEWEL,120,120,0
apps/web/tests/unit/platformV7Translator.test.tsx,STANDARD,119,119,0
docs/COMMERCIAL_EXPANSION_GAP_ANALYSIS.md,STANDARD,117,117,0
apps/api/prisma/migrations/20260817230000_pc_crop_period_close_knows_services/migration.sql,STANDARD,116,116,0
apps/web/components/v9/cards/KpiCard.tsx,STANDARD,116,116,0
apps/web/tests/unit/taiConversationSubjectContract.test.ts,STANDARD,115,115,0
apps/web/tests/unit/taiInternalStreamEndpoint.test.ts,STANDARD,115,115,0
apps/api/src/modules/regulatory-integration/fgis-grain/fgis-grain-quarantine-audit-principal.ts,STANDARD,113,113,0
apps/web/lib/api.ts,STANDARD,113,113,0
packages/integration-sdk/src/quarantine/fgis-zerno-legacy.test.ts,CROWN_JEWEL,113,113,0
apps/api/src/modules/auth/organization-job-profile.ts,CROWN_JEWEL,112,112,0
apps/web/app/api/lots/route.ts,STANDARD,113,112,1
apps/web/components/trust-graph-panel.tsx,STANDARD,112,112,0
docs/ip/LICENSE_POLICY_DECISION.md,STANDARD,112,112,0
infra/kafka/create-topics.sh,STANDARD,112,112,0
apps/api/src/modules/notifications/notifications.service.ts,STANDARD,111,111,0
apps/api/src/modules/route-planner/route-planner.service.ts,STANDARD,111,111,0
apps/api/src/modules/accounting/connection-attestation.policy.spec.ts,CROWN_JEWEL,110,110,0
apps/tai/tai/industrial_gap_report_cli.py,CROWN_JEWEL,110,110,0
packages/integration-sdk/src/adapters/gis-epd.adapter.ts,CROWN_JEWEL,110,110,0
apps/api/src/modules/accounting/document-transport.port.ts,CROWN_JEWEL,109,109,0
apps/web/components/commercial-expansion-board.tsx,STANDARD,109,109,0
apps/web/mocks/fixtures/rfq.json,STANDARD,109,109,0
docs/ops/pc-crop-federal-accounting/security-acceptance.md,STANDARD,109,109,0
apps/api/src/modules/organizations/organizations.service.ts,CROWN_JEWEL,108,108,0
apps/web/lib/gekta/phone-verification.ts,CROWN_JEWEL,108,108,0
apps/web/lib/runtime-server.ts,STANDARD,108,108,0
apps/api/src/modules/accounting/connection-center.policy.spec.ts,CROWN_JEWEL,107,107,0
apps/web/app/platform-v7r/roles/page.tsx,STANDARD,107,107,0
infra/prometheus/alertmanager.yml,STANDARD,106,106,0
apps/web/lib/closure-readiness-engine.ts,STANDARD,105,105,0
apps/web/lib/v9/statuses.ts,STANDARD,105,105,0
infra/k6/deal-cycle-load.js,STANDARD,104,104,0
scripts/ip/similarity-adjudication.mjs,STANDARD,104,104,0
apps/api/src/modules/regulatory-integration/fgis-grain/fgis-grain-legacy-quarantine.audit.ts,STANDARD,103,103,0
docs/security/SECRET_ROTATION_REGISTER.md,STANDARD,103,103,0
docs/security/SUPPLY_CHAIN_MATRIX.md,STANDARD,103,103,0
infra/kafka/topics.yml,STANDARD,103,103,0
apps/web/tests/unit/taiNoFakeStreamingAudit.test.ts,STANDARD,102,102,0
packages/integration-sdk/src/adapters/aml.adapter.ts,CROWN_JEWEL,102,102,0
scripts/ip/contributor-rights.mjs,STANDARD,102,102,0
scripts/ip/rospatent-deposit.test.mjs,STANDARD,102,102,0
shared/runtime-snapshot.ts,STANDARD,102,102,0
apps/api/prisma/migrations/20260815220000_pc_crop_authority_two_person_rule/migration.sql,STANDARD,101,101,0
apps/web/lib/offline-ai-kb.ts,STANDARD,101,101,0
apps/web/components/error-boundary.tsx,STANDARD,100,100,0
apps/api/src/modules/accounting/connection-attestation.policy.ts,CROWN_JEWEL,98,98,0
apps/web/lib/journey-links.ts,STANDARD,98,98,0
packages/integration-sdk/src/security/webhook-security.ts,CROWN_JEWEL,98,98,0
apps/api/src/modules/regulatory-integration/fgis-grain/fgis-grain-quarantine-audit-principal.inspection.ts,STANDARD,97,97,0
apps/web/lib/status-labels.ts,STANDARD,97,97,0
packages/domain-core/src/browser-access-policy.ts,CROWN_JEWEL,97,97,0
packages/integration-sdk/src/adapters/bank.adapter.ts,CROWN_JEWEL,97,97,0
packages/integration-sdk/src/adapters/fgis-zerno.adapter.ts,CROWN_JEWEL,97,97,0
apps/api/src/modules/export-trade/export-trade.controller.ts,STANDARD,96,96,0
apps/api/src/modules/integration-events/integration-events.service.ts,STANDARD,94,94,0
packages/domain-core/src/deadline-protection.test.ts,CROWN_JEWEL,94,94,0
apps/web/components/v9/layout/AppShell.tsx,STANDARD,93,93,0
docs/runbooks/P2-integration-degraded.md,STANDARD,93,93,0
packages/domain-core/src/status-policy-engine.ts,CROWN_JEWEL,93,93,0
apps/web/lib/realtime.ts,STANDARD,91,91,0
docs/ROLE_UAT_MATRIX_2026_04_04.md,STANDARD,91,91,0
apps/api/src/shared/chat-contact-policy.ts,STANDARD,90,90,0
apps/api/src/modules/deals/deal-event.service.ts,CROWN_JEWEL,89,89,0
apps/web/components/v9/ui/dialog.tsx,STANDARD,89,89,0
apps/web/lib/api-client.ts,STANDARD,89,89,0
apps/web/lib/platform-v7/tai-conversation-session.ts,STANDARD,89,89,0
docs/ops/pc-crop-federal-accounting/next-scope-wave-2.md,STANDARD,89,89,0
packages/integration-sdk/src/adapters/cryptopro.adapter.ts,CROWN_JEWEL,89,89,0
apps/web/components/role-navigation.tsx,STANDARD,88,88,0
apps/web/lib/commercial-expansion-data.ts,STANDARD,88,88,0
docs/platform-v7/autopilot/scopes/p0-fgis-legacy-quarantine-3609.json,STANDARD,88,88,0
apps/web/components/service-provider-selection-panel.tsx,STANDARD,87,87,0
apps/api/src/common/security/object-policy.service.ts,STANDARD,86,86,0
apps/api/src/modules/route-planner/route-planner.controller.ts,STANDARD,86,86,0
apps/web/components/liquidity-layer-panel.tsx,STANDARD,86,86,0
docs/ops/pc-crop-federal-accounting/integration-compatibility.md,STANDARD,86,86,0
docs/runbooks/P1-api-down.md,STANDARD,86,86,0
apps/web/lib/v9/tokens.ts,STANDARD,85,85,0
packages/integration-sdk/src/adapters/bki.adapter.ts,CROWN_JEWEL,84,84,0
apps/web/components/finance-application-workspace.tsx,STANDARD,83,83,0
apps/web/tests/unit/platformV7AccountingMobileContract.test.ts,STANDARD,83,83,0
.github/workflows/security.yml,STANDARD,82,82,0
apps/web/lib/scenario-data.ts,STANDARD,82,82,0
docs/ip/contributor-rights-register.json,STANDARD,82,82,0
docs/runbooks/P1-database-failure.md,STANDARD,82,82,0
infra/k8s/base/network-policy.yml,STANDARD,82,82,0
packages/integration-sdk/src/adapters/gps.adapter.ts,CROWN_JEWEL,82,82,0
apps/api/src/modules/accounting/document-transport.fake.ts,CROWN_JEWEL,81,81,0
docs/runbooks/P1-payment-stuck.md,STANDARD,81,81,0
apps/api/prisma/migrations/20260804180000_opaque_token_digest_v1_invalidation/migration.sql,STANDARD,80,80,0
apps/web/components/company-profile-workspace.tsx,STANDARD,80,80,0
packages/domain-core/src/action-decision-engine.ts,CROWN_JEWEL,80,80,0
apps/api/src/modules/integration-events/integration-events.controller.ts,STANDARD,79,79,0
scripts/security/scan-secret-history.test.mjs,STANDARD,79,79,0
apps/api/prisma/migrations/20260803140000_auth_audit_chain_integrity/migration.sql,STANDARD,78,78,0
infra/sql/runtime_rls_policies.sql,STANDARD,78,78,0
apps/api/src/modules/railway/railway.controller.ts,STANDARD,77,77,0
apps/web/components/execution-flow-panel.tsx,STANDARD,77,77,0
packages/domain-core/src/operator-case-center.ts,CROWN_JEWEL,75,75,0
apps/web/components/service-provider-assignment-console.tsx,STANDARD,74,74,0
apps/web/lib/gekta/speech.ts,CROWN_JEWEL,74,74,0
packages/integration-sdk/src/adapters/diadok.adapter.ts,CROWN_JEWEL,74,74,0
scripts/ip/rospatent-deposit.mjs,STANDARD,74,74,0
shared/role-contract.ts,STANDARD,74,74,0
apps/api/src/modules/auth/registrationIdempotencyContract.spec.ts,CROWN_JEWEL,73,73,0
docs/CONTROLLED_PILOT_EXECUTION_PLAN_2026_04_04.md,STANDARD,73,73,0
docs/ops/pc-crop-federal-accounting/production-acceptance.md,STANDARD,73,73,0
packages/integration-sdk/src/adapters/fts.adapter.ts,CROWN_JEWEL,73,73,0
apps/web/components/v9/ui/tabs.tsx,STANDARD,72,72,0
docs/platform-v7/autopilot/scopes/gekta-product-separation-20260812.json,STANDARD,72,72,0
docs/runbooks/P2-high-error-rate.md,STANDARD,71,71,0
SECURITY.md,STANDARD,71,71,0
apps/web/app/legal/[slug]/page.tsx,STANDARD,70,70,0
apps/web/lib/websocket-client.ts,STANDARD,70,70,0
apps/web/components/session-watcher.tsx,STANDARD,69,69,0
apps/web/tests/unit/platformV7DealAccounting.test.tsx,STANDARD,69,69,0
apps/web/components/operation-blueprint.tsx,STANDARD,68,68,0
docs/MONEY_RAIL_HARDENING_PLAN_2026_04_04.md,STANDARD,68,68,0
shared/runtime-snapshot.test.ts,STANDARD,68,68,0
apps/web/components/receiving-slot-console.tsx,STANDARD,67,67,0
var/repo-build-test-contour-report.json,STANDARD,67,67,0
apps/web/components/knowledge-workspace.tsx,STANDARD,66,66,0
apps/web/lib/gekta/projects.ts,CROWN_JEWEL,66,66,0
packages/domain-core/src/unified-deal-passport.ts,CROWN_JEWEL,66,66,0
docs/adr/ADR-006-rbac-13-roles.md,STANDARD,65,65,0
apps/api/prisma/migrations/20260802120000_fgis_verified_lot_path_quarantine/migration.sql,STANDARD,64,64,0
apps/web/lib/lots-server.ts,STANDARD,64,64,0
apps/web/components/deal-spine-panel.tsx,STANDARD,63,63,0
apps/web/components/v9/ui/button.tsx,STANDARD,63,63,0
apps/web/components/detail-hero.tsx,STANDARD,62,62,0
apps/web/lib/pilot-runtime-server.ts,STANDARD,63,62,1
packages/integration-sdk/src/adapters/fns.adapter.ts,CROWN_JEWEL,62,62,0
.github/workflows/ci-postgres-image-authority.yml,STANDARD,60,60,0
infra/vault/policy-grainflow-api.hcl,STANDARD,60,60,0
packages/integration-sdk/src/adapters/rshn.adapter.ts,CROWN_JEWEL,60,60,0
packages/integration-sdk/src/testing/fgis-zerno-test-binding.ts,CROWN_JEWEL,60,60,0
scripts/tai-conversation-subject-contract.mjs,STANDARD,60,60,0
apps/web/mocks/fixtures/disputes.json,STANDARD,59,59,0
scripts/check-workflow-syntax.py,STANDARD,59,59,0
apps/api/src/modules/accounting/accounting.module.ts,CROWN_JEWEL,58,58,0
apps/api/src/shared/provider-health.shared.ts,STANDARD,58,58,0
apps/api/src/modules/auth/mfaBackupCodeSymmetry.spec.ts,CROWN_JEWEL,56,56,0
apps/web/app/responsive.css,STANDARD,56,56,0
apps/web/lib/provider-assignment-access.ts,STANDARD,56,56,0
apps/web/components/lot-disclosure-panel.tsx,STANDARD,55,55,0
apps/web/components/payment-rail-console.tsx,STANDARD,55,55,0
apps/api/src/modules/lots/dto/create-lot.dto.ts,STANDARD,54,54,0
apps/web/app/api/realtime/route.ts,STANDARD,55,54,1
apps/web/components/lot-entry-rail-panel.tsx,STANDARD,54,54,0
apps/web/tests/unit/surfaceRoleMappingParity.test.ts,STANDARD,54,54,0
apps/web/app/error.tsx,STANDARD,53,53,0
apps/web/components/evidence-pack-panel.tsx,STANDARD,53,53,0
packages/domain-core/src/canonical-reason-codes.ts,CROWN_JEWEL,53,53,0
apps/web/components/confirm-dialog.tsx,STANDARD,52,52,0
apps/web/components/execution-readiness-panel.tsx,STANDARD,52,52,0
apps/web/components/money-release-gate.tsx,STANDARD,52,52,0
apps/web/components/receiving-release-gate.tsx,STANDARD,52,52,0
apps/api/src/modules/certificate-monitor/certificate-monitor.controller.ts,STANDARD,51,51,0
apps/api/src/modules/elevator/elevator.controller.ts,STANDARD,51,51,0
apps/web/components/v9/ui/badge.tsx,STANDARD,51,51,0
apps/web/components/v9/ui/input.tsx,STANDARD,50,50,0
apps/web/tests/unit/platformV7AccountingRouteAccess.test.ts,STANDARD,50,50,0
docs/adr/ADR-005-native-timers-no-schedule.md,STANDARD,50,50,0
apps/web/components/gekta/GektaCapabilities.tsx,PROTECTED_PRODUCT_UI,49,49,0
apps/web/lib/industrialization-server.ts,STANDARD,49,49,0
apps/web/stores/useOfflineQueueStore.ts,STANDARD,49,49,0
docs/adr/ADR-008-waf-coraza-nginx.md,STANDARD,49,49,0
packages/domain-core/src/deadline-protection.ts,CROWN_JEWEL,49,49,0
apps/tai/governance/scopes/industrial-acceptance-backlog-2726.json,STANDARD,48,48,0
apps/web/mocks/fixtures/batches.json,STANDARD,48,48,0
apps/web/tests/e2e/support/acceptance-https-server.mjs,STANDARD,48,48,0
apps/web/tests/unit/productionWebHardeningContract.test.ts,STANDARD,48,48,0
docs/adr/ADR-007-s3-presigned-url-storage.md,STANDARD,48,48,0
packages/domain-core/src/scoring.ts,CROWN_JEWEL,48,48,0
apps/api/src/modules/regulatory-integration/fgis-grain/fgis-grain-legacy-quarantine.test-double.ts,STANDARD,47,47,0
apps/web/tests/unit/taiLivePublicQwenInferenceAcceptance.test.ts,STANDARD,99,47,52
apps/web/components/driver-live-map.tsx,STANDARD,46,46,0
apps/web/components/finance-console.tsx,STANDARD,46,46,0
apps/web/components/v9/ui/card.tsx,STANDARD,46,46,0
packages/domain-core/src/canonical-models.ts,CROWN_JEWEL,46,46,0
packages/domain-core/src/execution-scores-v2.ts,CROWN_JEWEL,46,46,0
scripts/build-platform-v7-messages.mjs,STANDARD,46,46,0
apps/web/components/object-copilot-card.tsx,STANDARD,45,45,0
apps/web/components/receiving-queue-console.tsx,STANDARD,45,45,0
apps/web/lib/provider-stage-context.ts,STANDARD,45,45,0
apps/web/components/action-outcome-panel.tsx,STANDARD,44,44,0
apps/web/components/page-frame.tsx,STANDARD,44,44,0
apps/web/lib/execution-readiness.ts,STANDARD,43,43,0
apps/web/lib/pilot-data.ts,STANDARD,43,43,0
apps/web/stores/useSessionStore.ts,STANDARD,43,43,0
docs/adr/ADR-002-adapter-pattern-integrations.md,STANDARD,43,43,0
docs/adr/ADR-003-outbox-pattern.md,STANDARD,43,43,0
docs/RUNTIME_EXECUTION_STATUS_2026_04_04.md,STANDARD,43,43,0
scripts/verify-14-problems-hardening.mjs,STANDARD,43,43,0
workers/runtime-outbox/runtime-outbox.worker.ts,STANDARD,43,43,0
apps/web/app/platform-v7/deals/[id]/accounting/page.tsx,STANDARD,42,42,0
apps/web/components/module-hub.tsx,STANDARD,42,42,0
config/catalog/federal-counterparties.catalog.json,STANDARD,42,42,0
shared/ai-local-kb.seed.jsonl,STANDARD,41,41,0
apps/api/src/modules/arbitrator/arbitrator.controller.ts,CROWN_JEWEL,40,40,0
apps/api/src/modules/logistics/dto/create-shipment.dto.ts,STANDARD,40,40,0
apps/api/src/modules/organizations/organizations.controller.ts,CROWN_JEWEL,40,40,0
apps/web/lib/auth-store.ts,STANDARD,40,40,0
apps/api/src/modules/notifications/notifications.controller.ts,STANDARD,39,39,0
apps/web/components/closure-engine-panel.tsx,STANDARD,39,39,0
apps/web/components/gekta/GektaProductCta.tsx,PROTECTED_PRODUCT_UI,39,39,0
config/modes/runtime.full.env.example,STANDARD,39,39,0
docs/adr/ADR-004-hash-chain-audit.md,STANDARD,39,39,0
docs/platform-v7/autopilot/scopes/sbom-coverage-100-4528.json,STANDARD,39,39,0
docs/PROJECT_REPO_BASELINE.md,STANDARD,39,39,0
apps/web/components/deal-state-machine-panel.tsx,STANDARD,37,37,0
apps/web/components/survey-task-console.tsx,STANDARD,37,37,0
apps/web/lib/operational-vocabulary.ts,STANDARD,37,37,0
docs/adr/ADR-001-money-integer-kopecks.md,STANDARD,37,37,0
docs/platform-v7/autopilot/scopes/sec-action-pinning-ratchet-4521.json,STANDARD,37,37,0
docs/platform-v7/autopilot/scopes/tai-release-authority-boundary.json,STANDARD,37,37,0
docs/SOURCE_TRANSFER_STATUS.md,STANDARD,37,37,0
.github/codeql/codeql-config.yml,STANDARD,36,36,0
.github/container-images/postgres-16-alpine.v1.json,STANDARD,36,36,0
.github/container-images/postgres-16.4-alpine3.20.v1.json,STANDARD,36,36,0
.github/container-images/postgres-16.v1.json,STANDARD,36,36,0
apps/web/components/lot-calculator.tsx,STANDARD,36,36,0
apps/web/components/operational-state-panel.tsx,STANDARD,36,36,0
config/pilot/tambov.pilot.json,STANDARD,36,36,0
docs/platform-v7/autopilot/scopes/sec-secret-history-register-4523.json,STANDARD,36,36,0
apps/web/app/platform-v7/accounting/page.tsx,STANDARD,35,35,0
apps/web/lib/sber-server.ts,STANDARD,36,35,1
docs/platform-v7/autopilot/project-locks/pc-crop-federal-accounting.json,STANDARD,35,35,0
workers/runtime-janitor/runtime-janitor.worker.ts,STANDARD,35,35,0
apps/web/components/decision-readiness-panel.tsx,STANDARD,34,34,0
apps/web/components/integration-contracts-panel.tsx,STANDARD,34,34,0
apps/web/lib/auth-cookies.ts,STANDARD,34,34,0
docs/ip/AI_PROVENANCE_SUMMARY.json,STANDARD,34,34,0
docs/platform-v7/autopilot/scopes/ip-chain-of-title-ai-provenance-4515.json,STANDARD,34,34,0
docs/platform-v7/autopilot/scopes/ip-qwen-immutability-gate-4519.json,STANDARD,34,34,0
apps/api/src/common/security/object-access.service.ts,STANDARD,33,33,0
apps/api/src/modules/accounting/period-window.ts,CROWN_JEWEL,33,33,0
apps/web/lib/data-provenance.ts,STANDARD,33,33,0
apps/web/lib/report-data.ts,STANDARD,33,33,0
docs/platform-v7/autopilot/scopes/ip-file-provenance-register-4512.json,STANDARD,33,33,0
shared/runtime-store.ts,STANDARD,33,33,0
workers/runtime-durable-loop/runtime-durable-loop.worker.ts,STANDARD,33,33,0
workers/runtime-watchdog/runtime-watchdog.worker.ts,STANDARD,33,33,0
apps/web/components/driver-map.tsx,STANDARD,32,32,0
docs/platform-v7/autopilot/scopes/pc-crop-federal-accounting-route-policy.json,STANDARD,32,32,0
docs/platform-v7/autopilot/scopes/sec-security-policy-threat-model-4517.json,STANDARD,32,32,0
docs/platform-v7/autopilot/scopes/tai-state-root-second-writer.json,STANDARD,31,31,0
.github/workflows/workflow-syntax-guard.yml,STANDARD,30,30,0
apps/tai/governance/scopes/ap-13c1f-conversion-authority-digest-fix.json,STANDARD,30,30,0
apps/web/components/partner-rail-panel.tsx,STANDARD,30,30,0
docs/platform-v7/autopilot/scopes/tai-stream-endpoint-signing-path.json,STANDARD,30,30,0
packages/domain-core/CHANGELOG.md,CROWN_JEWEL,30,30,0
apps/web/components/live-resource-table.tsx,STANDARD,28,28,0
apps/web/components/offline-banner.tsx,STANDARD,28,28,0
apps/web/components/offline-conflict-panel.tsx,STANDARD,28,28,0
config/modes/pilot.env.example,STANDARD,28,28,0
docs/ip/similarity-adjudications.json,STANDARD,28,28,0
packages/domain-core/src/integration-contracts.ts,CROWN_JEWEL,28,28,0
workers/role-projection/role-projection.worker.ts,STANDARD,28,28,0
apps/web/components/deal-lifecycle-lane.tsx,STANDARD,27,27,0
apps/web/components/next-step-bar.tsx,STANDARD,27,27,0
infra/grafana/datasources.yml,STANDARD,27,27,0
packages/domain-core/src/feature-policy-registry.ts,CROWN_JEWEL,27,27,0
apps/web/components/create-lot-wizard.tsx,STANDARD,26,26,0
apps/web/lib/business-reputation-server.ts,STANDARD,28,26,2
imports/source-transfer/README.md,STANDARD,26,26,0
apps/api/test/one-deal/persistent-actor-identities.ts,STANDARD,25,25,0
apps/web/components/field-offline-hardening-panel.tsx,STANDARD,25,25,0
apps/web/components/operator-case-center-panel.tsx,STANDARD,25,25,0
apps/web/components/operator-escalation-board.tsx,STANDARD,25,25,0
apps/web/components/role-current-focus-card.tsx,STANDARD,25,25,0
apps/web/lib/api-server.ts,STANDARD,26,25,1
infra/helm/grainflow/values-staging.yaml,STANDARD,25,25,0
apps/tai/governance/scopes/ap-13c1f-control-package-checksum-hotfix.json,STANDARD,24,24,0
apps/web/components/connection-status.tsx,STANDARD,24,24,0
apps/web/components/floating-ai-assistant.tsx,STANDARD,24,24,0
apps/web/lib/industrialization-server.d.ts,STANDARD,24,24,0
apps/web/lib/route-roles.ts,STANDARD,24,24,0
apps/web/playwright.config.ts,STANDARD,24,24,0
apps/web/components/critical-blockers-panel.tsx,STANDARD,23,23,0
apps/web/components/v9/cards/EmptyState.tsx,STANDARD,23,23,0
docs/ip/deminimis-line-adjudications.json,STANDARD,23,23,0
docs/TASK_14_PROBLEM_HARDENING.md,STANDARD,23,23,0
infra/k8s/base/namespace.yml,STANDARD,23,23,0
infra/sql/performance-hardening.sql,STANDARD,23,23,0
workers/runtime-outbox-db/runtime-outbox-db.worker.ts,STANDARD,23,23,0
apps/web/components/dispute-actions.tsx,STANDARD,22,22,0
apps/web/components/dispute-workspace.tsx,STANDARD,22,22,0
apps/web/components/onboarding-tour.tsx,STANDARD,22,22,0
apps/web/components/sber-money-rail-panel.tsx,STANDARD,22,22,0
apps/web/components/theme-toggle.tsx,STANDARD,22,22,0
apps/web/lib/runtime-gap-policy.ts,STANDARD,22,22,0
config/integration/sber-business-and-bank.env.example,STANDARD,22,22,0
docs/ip/CONTRIBUTORS.csv,STANDARD,22,22,0
shared/runtime-modes.ts,STANDARD,22,22,0
workers/payment-callback-simulator/payment-callback.worker.ts,STANDARD,22,22,0
apps/web/components/pilot-page-guard.tsx,STANDARD,21,21,0
apps/web/components/release-readiness-card.tsx,STANDARD,21,21,0
apps/web/components/toast.tsx,STANDARD,21,21,0
apps/web/lib/csrf.ts,STANDARD,21,21,0
packages/domain-core/src/risk-scoring.ts,CROWN_JEWEL,21,21,0
workers/route-simulator/route-simulator.worker.ts,STANDARD,21,21,0
apps/web/components/breadcrumbs.tsx,STANDARD,20,20,0
apps/web/components/market-news-rail.tsx,STANDARD,20,20,0
apps/web/components/process-lane.tsx,STANDARD,20,20,0
apps/web/components/simulation-console.tsx,STANDARD,20,20,0
config/release/release-package.manifest.json,STANDARD,20,20,0
apps/api/src/modules/logistics/dto/transition-shipment.dto.ts,STANDARD,19,19,0
apps/web/components/analytics-alerts-panel.tsx,STANDARD,19,19,0
docs/INTEGRATION_BACKLOG.md,STANDARD,19,19,0
tsconfig.web-verify.json,STANDARD,19,19,0
apps/web/app/platform-v7r/error.tsx,STANDARD,18,18,0
apps/web/components/data-table.tsx,STANDARD,18,18,0
apps/web/components/document-center.tsx,STANDARD,18,18,0
config/fixtures/tambov-pilot-fixtures.json,STANDARD,18,18,0
apps/api/src/modules/regulatory-integration/fgis-grain/fgis-grain-legacy-quarantine.module.ts,STANDARD,17,17,0
apps/web/components/context-playbook-panel.tsx,STANDARD,17,17,0
apps/web/components/mobile-nav.tsx,STANDARD,17,17,0
apps/web/lib/deal-context.ts,STANDARD,17,17,0
infra/nginx/proxy_params.conf,STANDARD,17,17,0
tsconfig.api-verify.json,STANDARD,17,17,0
workers/runtime-lock-janitor/runtime-lock-janitor.worker.ts,STANDARD,17,17,0
apps/api/src/shared/integration-mode.ts,STANDARD,16,16,0
apps/web/app/api/runtime-scenario/[id]/run/route.ts,STANDARD,19,16,3
apps/web/components/driver-action-buttons.tsx,STANDARD,16,16,0
apps/web/components/driver-mobile-hub.tsx,STANDARD,16,16,0
apps/web/components/field-mobile-hub.tsx,STANDARD,16,16,0
apps/web/components/map-simulation.tsx,STANDARD,16,16,0
apps/web/components/operational-timeline.tsx,STANDARD,16,16,0
docs/KNOWN_LIMITATIONS.md,STANDARD,16,16,0
workers/connector-retry/connector-retry.worker.ts,STANDARD,16,16,0
apps/api/src/modules/integrations/integrations.module.ts,STANDARD,15,15,0
apps/api/src/shared/integration-signature.ts,STANDARD,15,15,0
apps/web/app/api/business-reputation/export/route.ts,STANDARD,16,15,1
apps/web/components/deadline-protection-panel.tsx,STANDARD,15,15,0
apps/web/components/notification-center.tsx,STANDARD,15,15,0
apps/web/components/role-handoff-board.tsx,STANDARD,15,15,0
apps/web/components/role-readiness-board.tsx,STANDARD,15,15,0
apps/web/components/runtime-source-banner.tsx,STANDARD,15,15,0
apps/web/components/source-note.tsx,STANDARD,15,15,0
apps/web/components/source-of-truth-strip.tsx,STANDARD,15,15,0
apps/web/components/state-machine-board.tsx,STANDARD,15,15,0
apps/web/mocks/fixtures/bank-events.json,STANDARD,15,15,0
infra/nginx/waf.conf,STANDARD,15,15,0
tsconfig.base.json,STANDARD,15,15,0
apps/web/components/file-upload.tsx,STANDARD,14,14,0
apps/web/components/lot-inline-calculator.tsx,STANDARD,14,14,0
apps/web/components/v9/ui/skeleton.tsx,STANDARD,14,14,0
docs/ip/similarity-corpus-approval.json,STANDARD,14,14,0
docs/security/secret-scan-allowlist.json,STANDARD,14,14,0
tsconfig.shared-verify.json,STANDARD,14,14,0
workers/runtime-supervisor/runtime-supervisor.worker.ts,STANDARD,14,14,0
apps/api/src/common/decorators/public.decorator.ts,STANDARD,13,13,0
apps/api/src/common/security/access.service.ts,STANDARD,13,13,0
apps/api/src/modules/saga/saga.module.ts,STANDARD,13,13,0
apps/web/app/api/offline-sync/route.ts,STANDARD,13,13,0
apps/web/app/api/runtime-outbox-dead/route.ts,STANDARD,14,13,1
apps/web/app/api/runtime-outbox/route.ts,STANDARD,14,13,1
apps/web/app/api/runtime-snapshot/route.ts,STANDARD,14,13,1
apps/web/components/driver-verification-panel.tsx,STANDARD,13,13,0
apps/web/components/weak-connection-mode-panel.tsx,STANDARD,13,13,0
apps/web/lib/market-analytics-server.ts,STANDARD,14,13,1
apps/web/lib/notifications-server.ts,STANDARD,14,13,1
infra/helm-values.example.yaml,STANDARD,13,13,0
infra/helm/grainflow/Chart.yaml,STANDARD,13,13,0
apps/api/src/modules/certificate-monitor/certificate-monitor.module.ts,STANDARD,12,12,0
apps/api/src/modules/factoring/factoring.module.ts,CROWN_JEWEL,12,12,0
apps/api/src/modules/kyc/kyc.module.ts,CROWN_JEWEL,12,12,0
apps/web/components/company-profile-actions.tsx,STANDARD,12,12,0
apps/web/i18n/locale.ts,STANDARD,12,12,0
packages/domain-core/tsconfig.json,CROWN_JEWEL,12,12,0
apps/api/src/modules/deals/dto/transition-deal.dto.ts,CROWN_JEWEL,11,11,0
apps/api/src/modules/partner-api/partner-api.module.ts,STANDARD,11,11,0
apps/api/tsconfig.json,STANDARD,11,11,0
apps/web/app/api/commercial/analytics/alerts/route.ts,STANDARD,11,11,0
apps/web/app/api/commercial/companies/route.ts,STANDARD,11,11,0
apps/web/app/api/commercial/dispatch/route.ts,STANDARD,11,11,0
apps/web/app/api/commercial/field-kits/route.ts,STANDARD,11,11,0
apps/web/app/api/commercial/finance/applications/route.ts,STANDARD,11,11,0
apps/web/app/api/commercial/insurance/route.ts,STANDARD,11,11,0
apps/web/app/api/commercial/knowledge/recommend/route.ts,STANDARD,11,11,0
apps/web/app/api/commercial/knowledge/route.ts,STANDARD,11,11,0
apps/web/app/api/commercial/market/route.ts,STANDARD,11,11,0
apps/web/app/api/commercial/provider-assignments/route.ts,STANDARD,11,11,0
apps/web/app/api/commercial/queue/route.ts,STANDARD,11,11,0
apps/web/app/api/commercial/survey/route.ts,STANDARD,11,11,0
apps/web/components/lot-actions.tsx,STANDARD,11,11,0
apps/web/lib/role-home-server.ts,STANDARD,12,11,1
config/integration/integration.env.example,STANDARD,11,11,0
config/modes/pilot-controlled.env.example,STANDARD,11,11,0
docs/INTEGRATION_CAPABILITY_MATRIX.md,STANDARD,11,11,0
imports/source-transfer/reconstruct.sh,STANDARD,11,11,0
infra/README.md,STANDARD,11,11,0
apps/api/src/modules/analytics/analytics.module.ts,STANDARD,10,10,0
apps/api/src/modules/auth/dto/login.dto.ts,CROWN_JEWEL,10,10,0
apps/api/src/modules/bank-reconciliation/bank-reconciliation.module.ts,CROWN_JEWEL,10,10,0
apps/api/src/modules/business-reputation/business-reputation.module.ts,CROWN_JEWEL,10,10,0
apps/api/src/modules/elevator/elevator.module.ts,STANDARD,10,10,0
apps/api/src/modules/export-trade/export-trade.module.ts,STANDARD,10,10,0
apps/api/src/modules/exports/exports.module.ts,STANDARD,10,10,0
apps/api/src/modules/notifications/notifications.module.ts,STANDARD,10,10,0
apps/api/src/modules/railway/railway.module.ts,STANDARD,10,10,0
apps/api/src/modules/route-planner/route-planner.module.ts,STANDARD,10,10,0
apps/web/app/api/commercial/companies/[id]/route.ts,STANDARD,12,10,2
apps/web/app/api/commercial/dispatch/[id]/route.ts,STANDARD,12,10,2
apps/web/app/api/commercial/finance/applications/[id]/route.ts,STANDARD,12,10,2
apps/web/app/api/commercial/finance/applications/[id]/waterfall/[stepId]/route.ts,STANDARD,12,10,2
apps/web/app/api/commercial/provider-assignments/[id]/route.ts,STANDARD,12,10,2
apps/web/app/api/commercial/queue/[id]/route.ts,STANDARD,12,10,2
apps/web/components/app-shell.tsx,STANDARD,10,10,0
apps/web/components/browser-access-panel.tsx,STANDARD,10,10,0
apps/web/components/logistics-map-embed.tsx,STANDARD,10,10,0
apps/web/lib/esia-sandbox.ts,STANDARD,10,10,0
apps/api/src/modules/ledger/ledger.module.ts,CROWN_JEWEL,9,9,0
apps/web/components/kpi-card.tsx,STANDARD,9,9,0
apps/web/components/skeleton.tsx,STANDARD,9,9,0
apps/web/components/view-state-card.tsx,STANDARD,9,9,0
apps/web/lib/market-news-server.ts,STANDARD,9,9,0
config/modes/demo.env.example,STANDARD,9,9,0
docs/ip/DATA_AND_MODEL_PROVENANCE.csv,STANDARD,9,9,0
integrations/sandbox-fixtures/gps-event.json,STANDARD,9,9,0
apps/web/components/favorite-button.tsx,STANDARD,8,8,0
apps/web/components/offline-fallback.tsx,STANDARD,8,8,0
apps/web/lib/kep-upload.ts,STANDARD,8,8,0
codeql/insufficient-password-hash-corrected/qlpack.yml,STANDARD,8,8,0
codeql/insufficient-password-hash-corrected/tests/qlpack.yml,STANDARD,8,8,0
integrations/sandbox-fixtures/bank-callback.json,STANDARD,8,8,0
integrations/sandbox-fixtures/smartagro-forecast.json,STANDARD,8,8,0
integrations/sandbox-fixtures/edo-callback.json,STANDARD,7,7,0
integrations/sandbox-fixtures/fgis-sync.json,STANDARD,7,7,0
integrations/sandbox-fixtures/lab-result.json,STANDARD,7,7,0
apps/api/src/common/decorators/current-user.decorator.ts,STANDARD,6,6,0
apps/api/src/modules/auth/dto/refresh.dto.ts,CROWN_JEWEL,6,6,0
apps/web/app/api/commercial/expansion-read-model/route.ts,STANDARD,6,6,0
apps/web/app/api/commercial/expansion/route.full.ts,STANDARD,6,6,0
apps/web/app/api/commercial/expansion/route.ts,STANDARD,6,6,0
apps/web/lib/v9/utils.ts,STANDARD,6,6,0
types/verify-shims.d.ts,STANDARD,6,6,0
apps/api/src/common/decorators/audit-action.decorator.ts,STANDARD,5,5,0
apps/web/components/repeat-lot-button.tsx,STANDARD,5,5,0
apps/web/lib/uat.ts,STANDARD,5,5,0
workers/runtime-command/runtime-command.worker.ts,STANDARD,5,5,0
apps/api/src/common/decorators/roles.decorator.ts,STANDARD,4,4,0
apps/web/app/platform-v7r/deals/page.tsx,STANDARD,4,4,0
apps/web/lib/commercial-api.ts,STANDARD,4,4,0
apps/web/mocks/browser.ts,STANDARD,4,4,0
apps/web/mocks/server.ts,STANDARD,4,4,0
apps/web/next-env.d.ts,STANDARD,6,4,2
codeql/insufficient-password-hash-corrected/tests/negative/NegativeOpaqueCredentials.expected,STANDARD,4,4,0
integrations/smartagro/README.md,STANDARD,4,4,0
integrations/smartagro/request-pack/README.md,STANDARD,4,4,0
apps/web/.gitignore,STANDARD,3,3,0
apps/web/components/bid-form.tsx,STANDARD,3,3,0
apps/web/components/bid-section.tsx,STANDARD,3,3,0
apps/web/components/business-reputation-control.tsx,STANDARD,3,3,0
apps/web/components/calculator-panel.tsx,STANDARD,3,3,0
apps/web/components/calculator-tool.tsx,STANDARD,3,3,0
apps/web/components/deal-workspace-entry.tsx,STANDARD,3,3,0
apps/web/components/feature-flag-strip.tsx,STANDARD,3,3,0
apps/web/components/insurance-case-console.tsx,STANDARD,3,3,0
apps/web/components/lab-retest-button.tsx,STANDARD,3,3,0
apps/web/components/leaflet-logistics-map.tsx,STANDARD,3,3,0
apps/web/components/live-chat-console.tsx,STANDARD,3,3,0
apps/web/components/simple-charts.tsx,STANDARD,3,3,0
apps/web/lib/default-deal-server.ts,STANDARD,3,3,0
apps/web/lib/id-factory.ts,STANDARD,3,3,0
apps/web/app/api/commercial/expansion.txt,STANDARD,1,1,0
codeql/insufficient-password-hash-corrected/tests/negative/NegativeOpaqueCredentials.qlref,STANDARD,1,1,0
codeql/insufficient-password-hash-corrected/tests/positive/PositivePasswordFlows.qlref,STANDARD,1,1,0
