path,criticality,surviving_lines_authored,total_lines_in_file,share_percent,wholly_authored
apps/web/components/platform-v7/visual/DealWorkspaceVisualLayer.tsx,STANDARD,335,337,99.4,NO
apps/web/components/platform-v7/visual/CauseLine.tsx,STANDARD,317,321,98.8,NO
apps/web/components/platform-v7/visual/ActionPreview.tsx,STANDARD,292,294,99.3,NO
apps/web/components/platform-v7/visual/BankCleanView.tsx,STANDARD,275,281,97.9,NO
apps/web/components/platform-v7/visual/TimelineChapters.tsx,STANDARD,271,276,98.2,NO
apps/web/components/platform-v7/visual/EvidenceStrengthMeter.tsx,STANDARD,253,260,97.3,NO
apps/web/components/platform-v7/visual/ExecutionHeader.tsx,STANDARD,253,256,98.8,NO
apps/web/components/platform-v7/visual/DriverBigTileMode.tsx,STANDARD,252,257,98.1,NO
apps/web/components/platform-v7/visual/DealMiniMap.tsx,STANDARD,250,254,98.4,NO
apps/web/components/platform-v7/visual/UnlockPath.tsx,STANDARD,250,253,98.8,NO
apps/web/components/platform-v7/visual/ObjectFocusHover.tsx,STANDARD,225,226,99.6,NO
apps/web/components/platform-v7/visual/ProgressiveDetailCard.tsx,STANDARD,221,223,99.1,NO
apps/web/components/platform-v7/visual/TimelineWithImpact.tsx,STANDARD,213,217,98.2,NO
apps/web/components/platform-v7/visual/OperatorRadar.tsx,STANDARD,208,214,97.2,NO
apps/web/components/platform-v7/visual/MagneticActionDock.tsx,STANDARD,203,206,98.5,NO
apps/api/src/modules/documents/document-matrix.service.ts,CROWN_JEWEL,201,228,88.2,NO
apps/web/components/platform-v7/visual/AfterActionReceipt.tsx,STANDARD,201,201,100.0,YES
apps/web/components/platform-v7/visual/MoneyLockHalo.tsx,STANDARD,196,199,98.5,NO
apps/web/components/platform-v7/visual/MobileExecutionHeader.tsx,STANDARD,188,189,99.5,NO
apps/api/src/common/action-executor/action-executor.service.ts,STANDARD,187,188,99.5,NO
apps/web/components/platform-v7/visual/ProofRibbon.tsx,STANDARD,177,178,99.4,NO
apps/web/components/platform-v7/visual/TrustDot.tsx,STANDARD,171,172,99.4,NO
apps/web/components/platform-v7/LiveApiStatusBar.tsx,STANDARD,161,195,82.6,NO
apps/web/components/platform-v7/visual/SmartSectionSummary.tsx,STANDARD,157,159,98.7,NO
apps/web/components/platform-v7/visual/RoleLens.tsx,STANDARD,155,155,100.0,YES
apps/api/src/common/database/database-seed.service.ts,STANDARD,148,148,100.0,YES
apps/api/src/modules/runtime-core/runtime-core.spec.ts,STANDARD,142,142,100.0,YES
apps/web/tests/e2e/platform-v7-vil-qa.spec.ts,STANDARD,142,142,100.0,YES
apps/web/components/platform-v7/visual/DocumentImpactChip.tsx,STANDARD,136,137,99.3,NO
apps/api/src/common/action-executor/action-policy.ts,STANDARD,123,131,93.9,NO
apps/api/src/common/action-executor/action-executor.spec.ts,STANDARD,114,202,56.4,NO
apps/api/src/modules/evidence-pack/evidence-pack.service.ts,CROWN_JEWEL,114,114,100.0,YES
apps/web/components/platform-v7/visual/DealStatusEdge.tsx,STANDARD,105,105,100.0,YES
apps/web/components/platform-v7/visual/QuietIntelligenceHint.tsx,STANDARD,98,104,94.2,NO
apps/api/src/common/database/database-seed.service.spec.ts,STANDARD,96,96,100.0,YES
apps/web/components/platform-v7/visual/FocusDetailMode.tsx,STANDARD,96,97,99.0,NO
apps/web/components/platform-v7/visual/index.ts,STANDARD,85,85,100.0,YES
apps/api/src/modules/integrations/integrations.service.spec.ts,STANDARD,79,154,51.3,NO
apps/web/lib/labs-server.ts,STANDARD,77,82,93.9,NO
apps/api/src/modules/evidence-pack/evidence-pack.spec.ts,CROWN_JEWEL,72,72,100.0,YES
apps/web/lib/outbox-server.ts,STANDARD,65,133,48.9,NO
apps/web/tests/e2e/platform-v7-executive-admin-pages.spec.ts,STANDARD,63,63,100.0,YES
apps/web/app/platform-v7/deals/[id]/audit/page.tsx,STANDARD,58,100,58.0,NO
apps/web/lib/evidence-server.ts,STANDARD,54,56,96.4,NO
apps/web/app/api/platform-status/route.ts,STANDARD,50,51,98.0,NO
apps/web/components/platform-v7/visual/OperatorRadarIsland.tsx,STANDARD,49,49,100.0,YES
apps/api/src/modules/evidence-pack/evidence-pack.controller.ts,CROWN_JEWEL,48,48,100.0,YES
apps/web/lib/disputes-server.ts,STANDARD,44,178,24.7,NO
apps/api/src/modules/admin/admin.controller.ts,CROWN_JEWEL,43,369,11.7,NO
apps/api/src/common/outbox/outbox.service.ts,STANDARD,41,428,9.6,NO
apps/api/src/modules/audit/audit.service.ts,CROWN_JEWEL,39,148,26.4,NO
apps/web/components/platform-v7/visual/DriverBigTileIsland.tsx,STANDARD,34,37,91.9,NO
apps/web/lib/logistics-server.ts,STANDARD,34,269,12.6,NO
apps/web/components/v7r/EvidencePackOperationsQueue.tsx,STANDARD,33,234,14.1,NO
apps/api/src/modules/admin/admin.controller.spec.ts,CROWN_JEWEL,32,153,20.9,NO
apps/web/components/v7r/RoleActionDispatchBridge.tsx,STANDARD,26,182,14.3,NO
apps/api/src/modules/settlement-engine/settlement-engine.controller.ts,CROWN_JEWEL,24,391,6.1,NO
apps/api/src/modules/settlement-engine/settlement-engine.service.spec.ts,CROWN_JEWEL,24,182,13.2,NO
apps/web/components/v7r/RoleContinuityPanel.tsx,STANDARD,24,268,9.0,NO
apps/web/app/platform-v7/bank/page.tsx,STANDARD,23,250,9.2,NO
apps/web/app/platform-v7/executive/page.tsx,STANDARD,22,327,6.7,NO
apps/api/src/common/outbox/outbox.spec.ts,STANDARD,19,275,6.9,NO
apps/api/src/modules/integrations/integrations.controller.ts,STANDARD,19,83,22.9,NO
apps/api/src/modules/audit/audit.controller.ts,CROWN_JEWEL,17,17,100.0,YES
apps/web/app/platform-v7/driver/field/page.tsx,STANDARD,16,180,8.9,NO
apps/web/app/platform-v7/lab/page.tsx,STANDARD,16,168,9.5,NO
apps/api/src/common/prisma/prisma.service.ts,STANDARD,15,38,39.5,NO
apps/api/src/modules/disputes/disputes.controller.ts,CROWN_JEWEL,15,121,12.4,NO
apps/web/app/platform-v7/arbitrator/page.tsx,STANDARD,15,114,13.2,NO
apps/web/app/platform-v7/deals/[id]/evidence-pack/page.tsx,STANDARD,15,47,31.9,NO
apps/web/components/v7r/EvidenceExportReadinessSummary.tsx,STANDARD,15,100,15.0,NO
apps/api/src/modules/integrations/integrations.service.ts,STANDARD,14,142,9.9,NO
apps/api/src/modules/settlement-engine/settlement-engine.service.ts,CROWN_JEWEL,14,245,5.7,NO
apps/web/app/platform-v7/audit-log/page.tsx,STANDARD,14,267,5.2,NO
apps/web/app/platform-v7/operator/page.tsx,STANDARD,14,421,3.3,NO
apps/api/jest.config.js,STANDARD,13,13,100.0,YES
apps/web/app/platform-v7/elevator/page.tsx,STANDARD,13,233,5.6,NO
apps/web/components/v7r/PlatformRolesHub.tsx,STANDARD,13,331,3.9,NO
apps/api/src/modules/documents/documents.controller.ts,CROWN_JEWEL,12,153,7.8,NO
apps/api/src/modules/documents/documents.service.ts,CROWN_JEWEL,12,202,5.9,NO
apps/web/app/platform-v7/buyer/page.tsx,STANDARD,12,221,5.4,NO
apps/web/components/v7r/CatchAllPage.tsx,STANDARD,12,591,2.0,NO
apps/api/src/common/action-executor/action-executor.module.ts,STANDARD,11,11,100.0,YES
apps/api/src/modules/disputes/disputes.service.ts,CROWN_JEWEL,11,59,18.6,NO
apps/web/app/platform-v7/seller/page.tsx,STANDARD,11,210,5.2,NO
apps/api/src/modules/deals/deals.service.spec.ts,CROWN_JEWEL,10,60,16.7,NO
apps/api/src/modules/evidence-pack/evidence-pack.module.ts,CROWN_JEWEL,10,10,100.0,YES
apps/web/app/platform-v7/logistics/page.tsx,STANDARD,10,144,6.9,NO
apps/web/components/platform-v7/P7PersistenceQueueStatus.tsx,STANDARD,9,77,11.7,NO
apps/api/src/app.module.ts,STANDARD,8,150,5.3,NO
apps/api/src/modules/admin/admin.module.ts,CROWN_JEWEL,8,10,80.0,NO
apps/api/src/common/database/database.module.ts,STANDARD,7,7,100.0,YES
apps/api/src/common/prisma/prisma.module.ts,STANDARD,7,10,70.0,NO
apps/api/src/modules/deals/deals.controller.ts,CROWN_JEWEL,7,126,5.6,NO
apps/web/app/platform-v7/not-found.tsx,STANDARD,7,63,11.1,NO
apps/web/app/platform-v7/disputes/page.tsx,STANDARD,5,397,1.3,NO
apps/web/components/v7r/DisputesRuntime.tsx,STANDARD,5,232,2.2,NO
apps/web/app/platform-v7/help/page.tsx,STANDARD,4,119,3.4,NO
apps/web/components/platform-v7/P7EvidenceReadinessAuditStrip.tsx,STANDARD,4,57,7.0,NO
.gitignore,STANDARD,3,38,7.9,NO
apps/api/src/modules/logistics/logistics.service.ts,STANDARD,3,78,3.8,NO
apps/web/app/platform-v7/deals/[id]/review/page.tsx,STANDARD,3,142,2.1,NO
apps/web/components/platform-v7/SupportOperatorQueueClient.tsx,STANDARD,3,104,2.9,NO
apps/web/components/v7r/DealEvidencePackPreview.tsx,STANDARD,3,42,7.1,NO
apps/web/components/v7r/SellerLotsRuntimeV2.tsx,STANDARD,3,381,0.8,NO
apps/api/prisma/migrations/migration_lock.toml,STANDARD,2,3,66.7,NO
apps/api/src/modules/audit/audit.module.ts,CROWN_JEWEL,2,10,20.0,NO
apps/api/src/modules/deals/deals.service.ts,CROWN_JEWEL,2,39,5.1,NO
apps/api/src/modules/disputes/dto/create-dispute.dto.ts,CROWN_JEWEL,2,49,4.1,NO
apps/api/src/modules/labs/labs.service.ts,STANDARD,2,50,4.0,NO
apps/web/app/platform-v7/deals/[id]/clean/page.tsx,STANDARD,2,308,0.6,NO
apps/web/components/platform-v7/P7MoneySafetyAuditStrip.tsx,STANDARD,2,104,1.9,NO
apps/web/components/platform-v7/SystemRouteSummary.tsx,STANDARD,2,231,0.9,NO
apps/api/package.json,STANDARD,1,77,1.3,NO
apps/api/src/modules/auth/auth.service.ts,CROWN_JEWEL,1,1207,0.1,NO
apps/api/src/modules/documents/documents.module.ts,CROWN_JEWEL,1,22,4.5,NO
apps/web/app/platform-v7/connectors/page.tsx,STANDARD,1,314,0.3,NO
apps/web/app/platform-v7/deals/compare/page.tsx,STANDARD,1,79,1.3,NO
apps/web/components/platform-v7/ActionFeedbackPreviewStrip.tsx,STANDARD,1,122,0.8,NO
apps/web/components/platform-v7/AuditSurfaceSummary.tsx,STANDARD,1,149,0.7,NO
apps/web/components/platform-v7/BankSmartContractsPanel.tsx,STANDARD,1,141,0.7,NO
apps/web/components/platform-v7/P7ActionFeedbackStrip.tsx,STANDARD,1,68,1.5,NO
apps/web/components/platform-v7/RoleExecutionSummary.tsx,STANDARD,1,513,0.2,NO
apps/web/components/platform-v7/SupportCaseView.tsx,STANDARD,1,52,1.9,NO
apps/web/components/platform-v7/SupportNewCaseClient.tsx,STANDARD,1,109,0.9,NO
apps/web/components/v7r/AppShell.tsx,STANDARD,1,489,0.2,NO
apps/web/components/v7r/CommandPalette.tsx,STANDARD,1,292,0.3,NO
apps/web/components/v7r/DomainControlTowerSummary.tsx,STANDARD,1,60,1.7,NO
apps/web/components/v7r/DomainDisputesSummary.tsx,STANDARD,1,32,3.1,NO
apps/web/components/v7r/LiveDealInvestorRuntime.tsx,STANDARD,1,123,0.8,NO
apps/web/components/v7r/RiskBadge.tsx,STANDARD,1,199,0.5,NO
apps/web/components/v7r/SellerLotsRuntime.tsx,STANDARD,1,148,0.7,NO
